id,first_name,last_name,email,gender,ip_address
1,Finlay,Alyoshin,falyoshin0@businessweek.com,Male,129.176.7.241
2,Dannel,Thunderman,dthunderman1@usda.gov,Male,203.1.142.116
3,Victor,Stenton,vstenton2@tripadvisor.com,Male,176.35.245.218
4,Ag,Basler,abasler3@domainmarket.com,Female,250.43.53.139
5,Ancell,Diable,adiable4@webnode.com,Genderqueer,181.70.84.13
6,Bartholomew,Fellona,bfellona5@usatoday.com,Male,235.122.87.120
7,Baird,Scriver,bscriver6@vkontakte.ru,Male,33.245.119.233
8,Yolanthe,MacTrustie,ymactrustie7@drupal.org,Female,244.50.167.174
9,Octavia,Coldbreath,ocoldbreath8@flickr.com,Bigender,169.79.19.106
10,Elwyn,Ettles,eettles9@mit.edu,Male,111.68.101.54
11,Duky,Playden,dplaydena@marketwatch.com,Male,21.136.128.232
12,Rori,Sabati,rsabatib@wikimedia.org,Female,118.27.234.164
13,Jeanie,Farris,jfarrisc@cyberchimps.com,Female,223.141.222.219
14,Cassandre,Merrick,cmerrickd@fda.gov,Female,80.87.154.107
15,Jamison,Figura,jfigurae@imdb.com,Male,76.79.161.55
16,Gerianne,Simonsen,gsimonsenf@intel.com,Female,8.189.200.218
17,Filia,Mouton,fmoutong@tumblr.com,Female,105.101.238.160
18,Constance,O'Crigan,cocriganh@ustream.tv,Female,57.28.194.9
19,Marisa,Kobke,mkobkei@cdc.gov,Genderfluid,76.254.153.115
20,Jess,Stoodley,jstoodleyj@bbb.org,Male,177.90.44.36
21,Avivah,Bedome,abedomek@usgs.gov,Female,88.29.71.140
22,Rheba,Winsom,rwinsoml@tmall.com,Female,242.162.104.11
23,Ignacio,Orum,iorumm@discuz.net,Male,140.122.133.99
24,Katherine,Grinikhinov,kgrinikhinovn@t-online.de,Female,40.239.192.42
25,Bondy,MacKain,bmackaino@npr.org,Male,158.203.224.254
26,Hyman,Custy,hcustyp@wordpress.com,Male,53.134.129.42
27,Carey,Prew,cprewq@cpanel.net,Male,29.242.168.226
28,Ernestine,Follit,efollitr@indiegogo.com,Female,205.33.179.201
29,Simonette,Whatmough,swhatmoughs@spiegel.de,Female,119.138.30.94
30,Worthington,Cavilla,wcavillat@cisco.com,Male,109.157.110.161
31,Dov,Clowney,dclowneyu@flavors.me,Male,133.93.54.126
32,Torey,Dallewater,tdallewaterv@japanpost.jp,Male,159.68.16.226
33,Kettie,Sully,ksullyw@stanford.edu,Female,59.109.237.149
34,Coleen,Stoller,cstollerx@spiegel.de,Female,94.65.253.88
35,Lennard,Carruthers,lcarruthersy@about.me,Male,194.188.76.8
36,Griffie,MacSharry,gmacsharryz@github.com,Male,169.76.219.171
37,Say,Gallie,sgallie10@google.de,Male,176.187.122.83
38,Lilah,Serck,lserck11@columbia.edu,Female,90.251.178.74
39,Ginnifer,Goforth,ggoforth12@naver.com,Female,79.216.242.68
40,Shantee,Flippen,sflippen13@mlb.com,Female,71.193.46.154
41,Lelah,Matzaitis,lmatzaitis14@csmonitor.com,Female,125.244.165.187
42,Karlene,O'Lochan,kolochan15@tumblr.com,Female,29.53.104.224
43,Rob,Van Son,rvanson16@techcrunch.com,Male,176.133.124.30
44,Hailee,Goodridge,hgoodridge17@angelfire.com,Female,222.245.69.49
45,Merrilee,Stollenhof,mstollenhof18@hibu.com,Female,135.81.164.70
46,Estele,Alfuso,ealfuso19@epa.gov,Female,158.96.181.188
47,Brigham,Curwood,bcurwood1a@dedecms.com,Male,132.218.153.160
48,Correy,Bryns,cbryns1b@icq.com,Female,212.234.151.244
49,Nil,Tippin,ntippin1c@sun.com,Male,42.48.36.60
50,Pierce,Blose,pblose1d@bloomberg.com,Male,39.217.116.61
51,Carline,Arnley,carnley1e@mac.com,Female,187.13.119.34
52,Vite,Nettles,vnettles1f@bing.com,Male,206.147.245.108
53,Cos,Archambault,carchambault1g@artisteer.com,Male,225.175.218.222
54,Dolf,Ritch,dritch1h@deviantart.com,Male,74.191.161.141
55,Nettle,Cotgrove,ncotgrove1i@sitemeter.com,Female,61.223.182.124
56,Lenci,Boreham,lboreham1j@msu.edu,Male,167.56.174.79
57,Bernard,Osgodby,bosgodby1k@weather.com,Male,167.65.42.145
58,Marion,Tommaseo,mtommaseo1l@apache.org,Male,143.74.3.63
59,Luke,Philler,lphiller1m@cbsnews.com,Male,211.12.62.1
60,Astrid,Blasing,ablasing1n@homestead.com,Female,69.116.160.120
61,Micheil,Fynn,mfynn1o@last.fm,Male,61.77.38.177
62,Brooke,Dimmock,bdimmock1p@yandex.ru,Female,244.83.77.82
63,Bevon,Dunan,bdunan1q@w3.org,Male,80.216.142.227
64,Sutton,Eastup,seastup1r@smugmug.com,Male,34.56.31.26
65,Jacquelyn,Brawn,jbrawn1s@vinaora.com,Female,83.21.68.67
66,Cecil,Vautier,cvautier1t@bloglovin.com,Male,106.45.49.54
67,Luce,Dybell,ldybell1u@state.tx.us,Genderfluid,182.229.5.98
68,Chrissie,Potebury,cpotebury1v@nsw.gov.au,Female,33.169.199.148
69,Francklin,Kyncl,fkyncl1w@cbslocal.com,Male,103.32.33.174
70,Teirtza,Jeffcoate,tjeffcoate1x@mediafire.com,Female,37.241.1.154
71,Jennette,Pingston,jpingston1y@blogs.com,Polygender,142.243.55.52
72,Donalt,Iashvili,diashvili1z@networkadvertising.org,Male,99.159.32.104
73,Wendell,Faulkes,wfaulkes20@privacy.gov.au,Male,37.217.144.118
74,Haywood,Hynes,hhynes21@prnewswire.com,Male,48.91.194.116
75,Langsdon,Ridsdell,lridsdell22@bigcartel.com,Male,92.226.33.218
76,Alicia,Craigmyle,acraigmyle23@blinklist.com,Female,79.247.40.170
77,Law,Drewell,ldrewell24@amazonaws.com,Male,153.251.209.97
78,Cal,Haggerstone,chaggerstone25@yellowpages.com,Male,204.106.249.88
79,Andre,Dockrey,adockrey26@hhs.gov,Male,50.160.96.7
80,Fields,Nyles,fnyles27@topsy.com,Male,135.211.40.45
81,Roseanne,Igoe,rigoe28@sitemeter.com,Agender,90.246.118.83
82,Jim,Stathor,jstathor29@businesswire.com,Male,194.142.141.170
83,Laurena,Kernock,lkernock2a@hibu.com,Female,29.221.233.13
84,Amie,Dobey,adobey2b@goo.gl,Female,155.230.126.104
85,Booth,Jellis,bjellis2c@sun.com,Male,215.77.147.93
86,Lynnea,Friedlos,lfriedlos2d@gizmodo.com,Female,65.229.180.160
87,Reinhard,Wallis,rwallis2e@eventbrite.com,Male,126.242.186.60
88,Ossie,Gonning,ogonning2f@trellian.com,Male,131.67.221.108
89,Wanda,Everard,weverard2g@ovh.net,Female,34.56.138.242
90,Inessa,Kiezler,ikiezler2h@bluehost.com,Female,117.107.112.91
91,Benetta,Pattie,bpattie2i@omniture.com,Female,35.147.31.6
92,Benoit,Liffe,bliffe2j@webs.com,Male,80.47.139.245
93,Benedikt,Twentyman,btwentyman2k@squidoo.com,Male,85.38.1.78
94,Norene,Lenglet,nlenglet2l@pbs.org,Female,255.100.141.72
95,Guillermo,Hazart,ghazart2m@google.it,Male,63.232.40.245
96,Hephzibah,Martineau,hmartineau2n@illinois.edu,Female,120.69.132.168
97,Hansiain,Casbourne,hcasbourne2o@wisc.edu,Male,242.232.83.50
98,Belicia,Karmel,bkarmel2p@arstechnica.com,Female,97.21.2.49
99,Emilie,McPhelimey,emcphelimey2q@i2i.jp,Female,132.59.198.83
100,Sissie,Josifovic,sjosifovic2r@smugmug.com,Female,228.87.47.84
101,Felix,Taffrey,ftaffrey2s@yandex.ru,Male,119.14.94.206
102,Juliana,Jolly,jjolly2t@vkontakte.ru,Female,61.30.174.247
103,Odille,Dowley,odowley2u@ycombinator.com,Female,198.215.237.199
104,Lyndell,Hanretty,lhanretty2v@alibaba.com,Female,102.159.146.47
105,Borg,Heskins,bheskins2w@patch.com,Non-binary,197.99.143.221
106,Normie,Azam,nazam2x@parallels.com,Male,233.63.197.11
107,Alie,Portail,aportail2y@springer.com,Female,107.213.44.118
108,Hatti,McMenamy,hmcmenamy2z@prnewswire.com,Female,189.150.238.72
109,Julina,Zanutti,jzanutti30@mayoclinic.com,Female,201.89.116.152
110,Rubi,Quinnette,rquinnette31@discuz.net,Female,173.149.217.190
111,Elsa,Luchelli,eluchelli32@aboutads.info,Female,210.66.73.206
112,Viviana,Reading,vreading33@netvibes.com,Female,187.153.106.50
113,Fairleigh,Tavner,ftavner34@spiegel.de,Male,193.24.170.44
114,Daile,Melbourn,dmelbourn35@sina.com.cn,Female,117.88.51.95
115,Cherida,Sankey,csankey36@squidoo.com,Female,213.132.73.194
116,Bennie,Holbie,bholbie37@ocn.ne.jp,Female,106.187.151.130
117,Thane,Haney,thaney38@biblegateway.com,Male,7.111.238.192
118,Ansell,Ambroise,aambroise39@si.edu,Male,97.151.180.1
119,Marybelle,Ruusa,mruusa3a@hc360.com,Female,124.217.195.240
120,Xerxes,Northway,xnorthway3b@dedecms.com,Male,162.37.200.112
121,Tom,Noice,tnoice3c@creativecommons.org,Male,49.107.245.126
122,Chalmers,Jentle,cjentle3d@illinois.edu,Male,200.74.75.200
123,Roderic,Gerrett,rgerrett3e@arizona.edu,Male,73.114.220.151
124,Hakim,Glencorse,hglencorse3f@bbc.co.uk,Male,122.51.140.99
125,Roderic,Ingrem,ringrem3g@elegantthemes.com,Male,172.63.179.140
126,Benny,Peacham,bpeacham3h@posterous.com,Male,66.98.78.99
127,Dawn,Lambol,dlambol3i@newsvine.com,Female,157.19.18.198
128,Mose,Keeri,mkeeri3j@adobe.com,Polygender,174.47.54.87
129,Arielle,Trime,atrime3k@mail.ru,Female,230.88.46.39
130,Jolyn,Camolli,jcamolli3l@yellowbook.com,Female,97.160.176.35
131,Curry,Normavill,cnormavill3m@webeden.co.uk,Male,160.2.125.31
132,Hailee,Devons,hdevons3n@mapquest.com,Female,226.238.82.156
133,Chiquita,Campbell,ccampbell3o@nymag.com,Female,78.168.210.54
134,Farica,Secombe,fsecombe3p@usa.gov,Female,60.46.81.46
135,Jared,Skilbeck,jskilbeck3q@msu.edu,Male,20.216.169.230
136,Debra,Bend,dbend3r@deviantart.com,Female,128.250.65.217
137,Bryce,Rackley,brackley3s@fda.gov,Male,154.196.81.46
138,Linzy,Inglefield,linglefield3t@google.nl,Female,184.1.47.131
139,Kathryne,Stears,kstears3u@fc2.com,Female,45.64.179.0
140,Evelin,Surmeyers,esurmeyers3v@desdev.cn,Male,3.234.220.77
141,Chen,Djokic,cdjokic3w@imageshack.us,Male,251.25.237.70
142,Winifield,Goldster,wgoldster3x@businesswire.com,Male,186.38.62.143
143,Shalne,Andreaccio,sandreaccio3y@mail.ru,Female,204.162.153.22
144,Ogdon,Puden,opuden3z@hatena.ne.jp,Male,80.10.79.192
145,Nicky,Slot,nslot40@deviantart.com,Female,35.55.17.201
146,Ediva,Acott,eacott41@opensource.org,Female,246.253.136.252
147,Elva,Simione,esimione42@1und1.de,Female,123.23.43.164
148,Kakalina,Mallows,kmallows43@cafepress.com,Female,37.17.147.126
149,Garrard,Becconsall,gbecconsall44@devhub.com,Male,57.41.118.71
150,Neils,Malsher,nmalsher45@chron.com,Male,186.124.92.101
151,Malory,Grinvalds,mgrinvalds46@altervista.org,Female,72.212.214.104
152,Buiron,Hyne,bhyne47@cisco.com,Genderfluid,52.53.135.106
153,Benedikt,Caton,bcaton48@google.nl,Non-binary,75.63.183.38
154,Easter,Erickssen,eerickssen49@cnet.com,Female,209.160.200.172
155,Olympie,Kilalea,okilalea4a@tinyurl.com,Female,103.183.64.74
156,Inigo,Colcomb,icolcomb4b@friendfeed.com,Male,254.6.78.115
157,Herculie,Winkless,hwinkless4c@bravesites.com,Male,74.179.210.163
158,Kata,Fishenden,kfishenden4d@cnbc.com,Female,33.166.132.84
159,Joyce,Abbes,jabbes4e@businessinsider.com,Polygender,208.140.152.45
160,Gary,Huggin,ghuggin4f@amazonaws.com,Male,124.32.42.222
161,Johnny,Spinnace,jspinnace4g@merriam-webster.com,Male,254.188.206.108
162,Koral,Karby,kkarby4h@cbc.ca,Female,47.129.49.198
163,Codie,Jacquemard,cjacquemard4i@europa.eu,Female,239.74.239.222
164,Broddy,Landa,blanda4j@hubpages.com,Male,143.236.89.99
165,Reynold,Giveen,rgiveen4k@scribd.com,Male,121.226.194.115
166,Gradeigh,Armal,garmal4l@columbia.edu,Male,28.23.125.30
167,Wynne,Zanuciolii,wzanuciolii4m@intel.com,Female,131.238.126.233
168,Alfy,Oscroft,aoscroft4n@dell.com,Male,227.245.0.229
169,Myrah,Cornil,mcornil4o@typepad.com,Female,43.67.52.194
170,Hillard,Brimble,hbrimble4p@google.com.br,Male,83.46.209.123
171,Welbie,Rany,wrany4q@comsenz.com,Male,51.173.68.90
172,Torrence,Salvadori,tsalvadori4r@ed.gov,Male,207.100.42.90
173,Agnola,Inns,ainns4s@mapy.cz,Female,133.66.21.136
174,Letti,Fidgin,lfidgin4t@flavors.me,Female,229.114.83.10
175,Elayne,Rock,erock4u@noaa.gov,Female,124.205.197.149
176,Lurleen,Pawson,lpawson4v@yellowbook.com,Female,30.149.233.171
177,Putnam,Marco,pmarco4w@businessweek.com,Male,180.96.110.176
178,Aaren,Shepheard,ashepheard4x@slate.com,Female,122.150.108.211
179,Vickie,Knewstubb,vknewstubb4y@cbsnews.com,Female,75.38.115.50
180,Raffarty,Ruler,rruler4z@soundcloud.com,Male,12.191.30.88
181,Carolus,Whiteley,cwhiteley50@economist.com,Male,140.13.167.98
182,Remus,Laven,rlaven51@utexas.edu,Non-binary,141.134.210.175
183,Mozelle,Mower,mmower52@google.co.uk,Polygender,152.78.169.102
184,Benetta,Drust,bdrust53@t-online.de,Female,67.167.189.119
185,Virgie,Strelitzki,vstrelitzki54@ezinearticles.com,Female,59.105.151.39
186,Rurik,Busain,rbusain55@i2i.jp,Male,44.127.96.60
187,Viki,Kenyon,vkenyon56@behance.net,Female,153.83.240.53
188,Temp,Crayton,tcrayton57@yellowbook.com,Male,65.80.45.23
189,Koo,Grievson,kgrievson58@accuweather.com,Female,53.65.133.140
190,Millisent,Ciani,mciani59@usnews.com,Female,170.140.52.218
191,Hyatt,Beeho,hbeeho5a@miitbeian.gov.cn,Male,227.121.12.0
192,Faith,Pessler,fpessler5b@tripadvisor.com,Female,25.241.128.217
193,Waiter,Kilbride,wkilbride5c@wiley.com,Male,165.176.208.66
194,Berri,Barette,bbarette5d@fema.gov,Female,237.160.148.69
195,Lynnet,Cisco,lcisco5e@squarespace.com,Female,30.234.134.89
196,Greta,Harkess,gharkess5f@miibeian.gov.cn,Female,116.228.220.5
197,Alexandr,Pittman,apittman5g@washington.edu,Male,255.196.178.34
198,Anne-corinne,Brophy,abrophy5h@loc.gov,Female,50.44.213.54
199,Christophorus,Fantham,cfantham5i@whitehouse.gov,Male,140.108.128.37
200,Marla,Ginnell,mginnell5j@live.com,Female,225.34.101.207
201,Mohammed,Carvil,mcarvil5k@jugem.jp,Male,252.185.166.37
202,Leora,Willshire,lwillshire5l@merriam-webster.com,Female,226.190.128.170
203,Michaeline,Fishbourn,mfishbourn5m@stumbleupon.com,Bigender,77.173.183.32
204,Norbie,Gannan,ngannan5n@mlb.com,Male,33.233.100.126
205,Averell,Conibear,aconibear5o@meetup.com,Male,228.136.143.159
206,Kurtis,Santarelli,ksantarelli5p@sitemeter.com,Male,95.244.114.45
207,Gustie,Balcon,gbalcon5q@canalblog.com,Female,28.151.129.138
208,Eziechiele,Ramble,eramble5r@51.la,Male,59.108.113.163
209,Brenn,Vakhonin,bvakhonin5s@msu.edu,Female,64.46.6.128
210,Lauretta,Marson,lmarson5t@issuu.com,Female,0.50.106.230
211,Biddy,Rammell,brammell5u@mashable.com,Female,101.70.63.255
212,Dee dee,Shear,dshear5v@vkontakte.ru,Non-binary,250.190.133.54
213,Willem,McDonald,wmcdonald5w@liveinternet.ru,Male,15.8.172.120
214,Ware,Jerrim,wjerrim5x@fema.gov,Male,106.109.72.96
215,Andros,Dyton,adyton5y@admin.ch,Male,191.207.226.224
216,Erna,Larraway,elarraway5z@cdc.gov,Female,234.215.178.143
217,Mandel,Antonutti,mantonutti60@bloomberg.com,Male,205.145.204.190
218,Pippy,Burgisi,pburgisi61@eventbrite.com,Female,108.131.132.88
219,Melanie,Ridhole,mridhole62@themeforest.net,Female,185.222.47.3
220,Libbey,Vernazza,lvernazza63@twitter.com,Female,60.253.251.54
221,Jamie,Toderini,jtoderini64@zimbio.com,Male,217.109.248.244
222,Jacklin,Stidever,jstidever65@multiply.com,Female,19.159.202.137
223,Gilli,Crawley,gcrawley66@nytimes.com,Genderfluid,52.71.138.251
224,Lars,Cordeau,lcordeau67@who.int,Genderqueer,3.20.92.187
225,Janette,Forstall,jforstall68@illinois.edu,Female,228.219.90.219
226,Lyn,Fridd,lfridd69@cyberchimps.com,Male,9.206.249.139
227,Konstance,Pottiphar,kpottiphar6a@creativecommons.org,Female,113.10.221.53
228,Rosaline,Harmstone,rharmstone6b@blinklist.com,Female,164.137.182.205
229,Ruthanne,Fessier,rfessier6c@linkedin.com,Female,153.110.109.103
230,Orran,Topling,otopling6d@hatena.ne.jp,Male,238.61.62.45
231,Antone,Lambell,alambell6e@yellowpages.com,Male,103.173.119.122
232,Rivkah,Spalding,rspalding6f@sfgate.com,Female,251.146.128.29
233,Karol,Avis,kavis6g@timesonline.co.uk,Female,134.15.251.171
234,Justine,Ulyet,julyet6h@howstuffworks.com,Female,4.97.32.126
235,Tremain,O'Nions,tonions6i@ow.ly,Male,156.245.142.161
236,Korey,Vedmore,kvedmore6j@scribd.com,Male,91.147.240.252
237,Lorelle,Paik,lpaik6k@chron.com,Female,126.33.87.99
238,Tim,Innett,tinnett6l@yahoo.com,Female,223.149.153.254
239,Goldina,Thurlby,gthurlby6m@netscape.com,Female,196.132.189.249
240,Leona,Hecks,lhecks6n@rambler.ru,Non-binary,220.74.22.159
241,Mellie,Culverhouse,mculverhouse6o@spiegel.de,Female,142.37.98.57
242,Benny,Cron,bcron6p@newyorker.com,Male,145.251.87.29
243,Bernete,Caldicot,bcaldicot6q@shareasale.com,Female,226.231.243.217
244,Eirena,Knapton,eknapton6r@odnoklassniki.ru,Female,39.231.127.186
245,Ginger,Oliveras,goliveras6s@senate.gov,Male,4.237.109.61
246,Eleonora,Dell Casa,edellcasa6t@ezinearticles.com,Female,133.245.233.130
247,Tommie,Bauman,tbauman6u@walmart.com,Polygender,80.87.226.127
248,Sabrina,Elsworth,selsworth6v@ft.com,Female,27.243.161.154
249,Kinny,Grim,kgrim6w@sakura.ne.jp,Male,4.85.250.111
250,Buck,Hardingham,bhardingham6x@marketwatch.com,Male,52.221.152.241
251,Tull,Brunger,tbrunger6y@si.edu,Male,133.111.238.16
252,Katalin,Armatage,karmatage6z@illinois.edu,Female,127.20.96.79
253,Emlynn,Scrooby,escrooby70@nasa.gov,Female,186.125.98.180
254,Yelena,McCullum,ymccullum71@dagondesign.com,Female,208.144.191.30
255,Gregoire,Willimont,gwillimont72@sphinn.com,Male,56.168.91.242
256,Raimondo,Utley,rutley73@about.me,Male,25.126.172.101
257,Forbes,Segges,fsegges74@auda.org.au,Male,3.27.196.60
258,Luella,Dunsleve,ldunsleve75@dropbox.com,Female,231.22.215.152
259,Niels,Kerley,nkerley76@unesco.org,Male,27.92.233.60
260,Barclay,Ilyin,bilyin77@google.es,Agender,151.247.77.107
261,Pat,Braney,pbraney78@diigo.com,Genderfluid,40.211.34.110
262,Darrelle,Benoiton,dbenoiton79@fastcompany.com,Female,113.112.174.3
263,Pinchas,Mulles,pmulles7a@europa.eu,Male,234.211.202.193
264,Percy,Blindt,pblindt7b@fotki.com,Male,87.208.236.9
265,Carree,Renfrew,crenfrew7c@blogtalkradio.com,Female,202.39.14.138
266,Rochelle,Lattie,rlattie7d@nih.gov,Female,179.44.61.126
267,Jordon,Randalson,jrandalson7e@biglobe.ne.jp,Male,60.71.228.167
268,Calhoun,Hryncewicz,chryncewicz7f@soup.io,Male,35.132.6.8
269,Fergus,Gilphillan,fgilphillan7g@posterous.com,Bigender,187.53.173.182
270,Sibyl,De La Coste,sdelacoste7h@cdbaby.com,Male,147.154.3.42
271,Erna,Lealle,elealle7i@latimes.com,Genderqueer,193.44.60.40
272,Portie,Clougher,pclougher7j@unblog.fr,Male,28.137.196.7
273,Georgia,Capnerhurst,gcapnerhurst7k@unblog.fr,Female,185.205.178.77
274,Dick,Hattersley,dhattersley7l@netlog.com,Male,142.184.66.80
275,Menard,Sheards,msheards7m@w3.org,Male,58.230.50.20
276,Jaquelin,Klimczak,jklimczak7n@taobao.com,Female,6.218.36.94
277,Brendin,Cordova,bcordova7o@bluehost.com,Male,147.184.191.68
278,Donelle,Drinkwater,ddrinkwater7p@cnbc.com,Genderfluid,45.78.108.12
279,Stephani,Ballendine,sballendine7q@narod.ru,Female,18.122.163.176
280,Daron,Siebart,dsiebart7r@stanford.edu,Male,231.139.244.22
281,Jourdain,Piddletown,jpiddletown7s@biglobe.ne.jp,Male,22.41.236.178
282,Kai,Hopfer,khopfer7t@pen.io,Bigender,34.67.108.38
283,Aurelia,Berdale,aberdale7u@aol.com,Female,199.199.228.169
284,Kain,Lyddiard,klyddiard7v@de.vu,Male,140.75.80.176
285,Wald,Veneur,wveneur7w@reddit.com,Male,152.106.87.187
286,Gaye,Archdeckne,garchdeckne7x@opensource.org,Female,63.105.128.18
287,Lemar,Kern,lkern7y@cbslocal.com,Male,188.218.217.179
288,Franciska,Hache,fhache7z@google.co.uk,Female,12.167.6.239
289,Isis,Burrus,iburrus80@ed.gov,Female,141.84.130.102
290,Giorgi,Leggatt,gleggatt81@ask.com,Genderfluid,143.154.57.188
291,Moyna,Bury,mbury82@stumbleupon.com,Female,173.104.251.128
292,Tersina,Claffey,tclaffey83@accuweather.com,Female,153.164.201.96
293,Oren,Aarons,oaarons84@un.org,Non-binary,138.11.67.213
294,Tildy,Neesam,tneesam85@desdev.cn,Female,108.5.50.20
295,Damaris,Moncaster,dmoncaster86@paginegialle.it,Female,138.126.73.119
296,Hamlen,Dumbar,hdumbar87@squarespace.com,Non-binary,224.19.90.35
297,Cris,Seeler,cseeler88@cnn.com,Male,255.61.49.239
298,Arni,Denerley,adenerley89@buzzfeed.com,Male,45.160.70.232
299,Dru,Embra,dembra8a@ucoz.com,Male,34.18.81.109
300,Krishnah,Elmer,kelmer8b@uiuc.edu,Male,223.176.124.10
301,Aaron,Cruwys,acruwys8c@weather.com,Male,56.24.24.162
302,Hermina,Smissen,hsmissen8d@networkadvertising.org,Female,207.7.207.109
303,Charlot,Collick,ccollick8e@dropbox.com,Female,121.100.140.219
304,Horton,Lysons,hlysons8f@freewebs.com,Male,123.138.235.52
305,Matthaeus,Ubanks,mubanks8g@t-online.de,Male,77.150.183.107
306,Sloan,Ketcher,sketcher8h@time.com,Male,214.210.150.11
307,Ced,Stagge,cstagge8i@imgur.com,Male,209.73.32.73
308,Cyrill,Blesing,cblesing8j@spotify.com,Male,201.214.143.110
309,Nonnah,Stud,nstud8k@taobao.com,Female,8.16.49.220
310,Anneliese,Larcher,alarcher8l@bloglines.com,Non-binary,172.125.50.94
311,Pamelina,Missenden,pmissenden8m@gravatar.com,Female,10.38.231.211
312,Jeniffer,Cantrell,jcantrell8n@psu.edu,Female,109.31.44.125
313,Huntlee,Shermore,hshermore8o@ameblo.jp,Male,28.208.56.144
314,Colene,Kelberer,ckelberer8p@mtv.com,Bigender,169.9.83.137
315,Lonna,Prenty,lprenty8q@baidu.com,Bigender,66.246.238.74
316,Raquel,Chasteau,rchasteau8r@yahoo.co.jp,Agender,228.130.61.238
317,Chelsie,Snalum,csnalum8s@google.com.hk,Female,136.151.103.29
318,Catina,O'Hannen,cohannen8t@china.com.cn,Female,79.118.29.212
319,Cloris,Guwer,cguwer8u@histats.com,Female,181.222.47.230
320,Manon,Richings,mrichings8v@hhs.gov,Female,236.222.138.188
321,Si,Ricciardiello,sricciardiello8w@1688.com,Genderfluid,148.8.94.159
322,Adriena,Bailes,abailes8x@indiegogo.com,Female,61.8.198.188
323,Antonetta,Fausset,afausset8y@digg.com,Female,222.93.63.216
324,Ciro,Colquitt,ccolquitt8z@symantec.com,Male,70.104.216.4
325,Rudie,Dodworth,rdodworth90@dropbox.com,Non-binary,159.0.85.85
326,Edgard,Lunbech,elunbech91@statcounter.com,Genderqueer,80.72.62.105
327,Marquita,Rowesby,mrowesby92@rediff.com,Female,49.141.101.16
328,Ruthie,Buxcey,rbuxcey93@sohu.com,Genderfluid,7.105.103.227
329,Melisandra,Vernall,mvernall94@barnesandnoble.com,Female,240.46.30.27
330,Carmen,Powell,cpowell95@zimbio.com,Female,146.146.73.217
331,Ethan,Bloodworthe,ebloodworthe96@nhs.uk,Male,42.29.114.50
332,Kellyann,Cranmor,kcranmor97@cloudflare.com,Female,241.212.227.68
333,Noe,Giamelli,ngiamelli98@buzzfeed.com,Male,194.158.136.80
334,Gussie,Staff,gstaff99@hc360.com,Female,178.38.91.81
335,Lee,Joutapavicius,ljoutapavicius9a@hubpages.com,Genderqueer,14.249.209.40
336,Mallory,Dent,mdent9b@google.com.au,Female,145.175.252.232
337,Sondra,Montford,smontford9c@engadget.com,Female,67.89.31.245
338,Julianna,Deakan,jdeakan9d@desdev.cn,Female,228.149.21.251
339,Nolana,Sidery,nsidery9e@epa.gov,Female,252.146.121.159
340,Natalie,Cowerd,ncowerd9f@miitbeian.gov.cn,Female,64.26.88.158
341,Bethanne,Pulford,bpulford9g@twitter.com,Female,216.189.215.104
342,Hyman,Witnall,hwitnall9h@freewebs.com,Male,18.122.96.13
343,Davis,Nowakowska,dnowakowska9i@oaic.gov.au,Male,166.55.161.212
344,Emmalyn,Rekes,erekes9j@tinyurl.com,Female,115.36.12.160
345,Melba,Kielt,mkielt9k@umich.edu,Female,136.224.249.251
346,Kippy,Dafforne,kdafforne9l@list-manage.com,Male,115.70.96.206
347,Urbano,Cracker,ucracker9m@skyrock.com,Male,227.217.157.106
348,Tiffy,O' Connell,toconnell9n@woothemes.com,Female,185.66.122.244
349,Nathanael,Sherwill,nsherwill9o@mapquest.com,Male,160.77.9.43
350,Lauretta,Becker,lbecker9p@storify.com,Agender,90.9.124.206
351,Sosanna,Chiverstone,schiverstone9q@vimeo.com,Female,252.23.1.11
352,Rosette,Skevington,rskevington9r@baidu.com,Female,194.84.6.25
353,Abran,Girtin,agirtin9s@forbes.com,Male,13.171.228.187
354,Nilson,Dodgshun,ndodgshun9t@t-online.de,Male,179.90.188.153
355,Fernanda,Thornebarrow,fthornebarrow9u@yandex.ru,Female,13.192.126.222
356,Curran,Comelli,ccomelli9v@prlog.org,Male,182.192.75.174
357,Elli,Zappel,ezappel9w@infoseek.co.jp,Female,10.52.48.77
358,Christian,Lyles,clyles9x@shareasale.com,Male,43.102.118.38
359,Lamont,McReath,lmcreath9y@cdc.gov,Male,92.122.157.187
360,Myrna,Creasey,mcreasey9z@fema.gov,Female,37.139.84.6
361,Benjie,Isacke,bisackea0@ca.gov,Male,175.34.196.175
362,Christalle,Annon,cannona1@bigcartel.com,Female,167.27.146.201
363,Lindsey,Ranvoise,lranvoisea2@paypal.com,Male,182.1.205.250
364,Alick,Rathjen,arathjena3@issuu.com,Male,115.108.122.115
365,Lemmy,Gordon-Giles,lgordongilesa4@umich.edu,Male,190.210.229.177
366,Lonny,Broadnicke,lbroadnickea5@theatlantic.com,Male,144.220.167.235
367,Laurette,Sidry,lsidrya6@unc.edu,Female,151.199.241.143
368,Codie,Bernardez,cbernardeza7@about.com,Male,203.41.77.171
369,Jonis,Gillions,jgillionsa8@1und1.de,Female,67.208.129.38
370,Brittaney,Glendenning,bglendenninga9@unicef.org,Polygender,126.71.238.87
371,Kristo,Blandamore,kblandamoreaa@i2i.jp,Male,92.230.9.98
372,Rene,Heckney,rheckneyab@amazon.co.uk,Male,81.7.92.198
373,Olivero,Andrejevic,oandrejevicac@moonfruit.com,Male,150.41.241.219
374,Benjamin,Suddards,bsuddardsad@china.com.cn,Male,42.169.97.255
375,Wayland,Fandrey,wfandreyae@telegraph.co.uk,Male,142.67.241.99
376,Zed,Finby,zfinbyaf@ca.gov,Male,143.171.167.226
377,Creight,Aspinal,caspinalag@canalblog.com,Male,152.8.18.16
378,Melisa,Sainter,msainterah@bloomberg.com,Female,89.136.244.242
379,Corene,Quainton,cquaintonai@theguardian.com,Female,201.21.36.102
380,Shaylyn,Roblou,sroblouaj@posterous.com,Female,50.216.144.220
381,Maura,Levane,mlevaneak@ucoz.ru,Female,60.87.250.206
382,Lizette,Roussel,lrousselal@google.fr,Female,3.51.213.177
383,Cristobal,Tigwell,ctigwellam@de.vu,Male,24.228.4.204
384,Nial,Dorkins,ndorkinsan@123-reg.co.uk,Male,196.232.30.10
385,Hewitt,Izak,hizakao@opensource.org,Male,106.75.242.222
386,Lisha,Varne,lvarneap@a8.net,Female,14.206.158.244
387,Dulcinea,Venditto,dvendittoaq@google.nl,Female,132.102.137.81
388,Rivkah,Haskayne,rhaskaynear@linkedin.com,Female,158.105.108.158
389,Lilla,Dilnot,ldilnotas@mayoclinic.com,Female,217.157.225.184
390,Caspar,Bielefeld,cbielefeldat@seattletimes.com,Male,7.238.202.238
391,Delila,Carrell,dcarrellau@fc2.com,Agender,90.229.101.211
392,Guilbert,Denyer,gdenyerav@cyberchimps.com,Genderqueer,8.143.171.123
393,Gearalt,Beddoe,gbeddoeaw@umn.edu,Agender,70.8.106.198
394,Northrop,Luxen,nluxenax@ucoz.com,Male,1.71.244.139
395,Carlene,O' Kelleher,cokelleheray@salon.com,Female,80.17.113.223
396,Dasya,Jahnisch,djahnischaz@virginia.edu,Female,216.156.99.74
397,Romona,Dilloway,rdillowayb0@ftc.gov,Genderfluid,180.216.43.76
398,Xylina,Ellwood,xellwoodb1@theglobeandmail.com,Female,173.208.102.36
399,Camellia,Dicken,cdickenb2@reuters.com,Female,147.101.196.26
400,Cheslie,Mawman,cmawmanb3@slashdot.org,Female,214.137.139.62
401,Ddene,Aves,davesb4@usda.gov,Female,160.157.8.119
402,Florette,Horsburgh,fhorsburghb5@accuweather.com,Female,228.164.231.181
403,Gui,Dan,gdanb6@abc.net.au,Genderqueer,173.49.147.103
404,Pren,Kurton,pkurtonb7@bloomberg.com,Male,40.218.87.197
405,Babb,Claussen,bclaussenb8@is.gd,Female,184.121.77.137
406,Lucian,Hollow,lhollowb9@trellian.com,Genderfluid,62.224.9.115
407,Lorrie,Hanwright,lhanwrightba@prweb.com,Male,179.62.233.14
408,Sigismund,Preist,spreistbb@google.com.au,Male,105.250.160.195
409,Eduino,Byneth,ebynethbc@xrea.com,Genderqueer,105.76.206.149
410,Dannie,Duthie,dduthiebd@mtv.com,Female,67.130.92.112
411,Alfonse,Emlen,aemlenbe@hugedomains.com,Male,221.194.210.131
412,Delcina,Axe,daxebf@github.io,Female,219.151.142.135
413,Turner,McGoon,tmcgoonbg@furl.net,Male,0.104.91.23
414,Donall,Orrocks,dorrocksbh@ted.com,Male,179.92.208.78
415,Montgomery,Sturmey,msturmeybi@blogtalkradio.com,Male,208.216.138.78
416,Hillary,Bunyard,hbunyardbj@marriott.com,Male,116.249.222.97
417,Estella,Hablet,ehabletbk@canalblog.com,Female,117.85.138.228
418,Theresa,Wisker,twiskerbl@meetup.com,Genderfluid,58.119.85.58
419,Lira,Hariot,lhariotbm@last.fm,Female,172.235.138.211
420,Dredi,Harle,dharlebn@alexa.com,Female,190.134.91.125
421,Marcelia,Beathem,mbeathembo@ox.ac.uk,Female,0.4.136.95
422,Normie,Boutflour,nboutflourbp@washington.edu,Male,34.184.114.86
423,Mechelle,Kirman,mkirmanbq@ycombinator.com,Female,199.129.6.81
424,Elaine,Itzkovich,eitzkovichbr@themeforest.net,Female,166.77.211.55
425,Sawyer,Fridd,sfriddbs@eventbrite.com,Male,203.253.22.46
426,Sandra,Milleton,smilletonbt@blogspot.com,Female,156.214.81.182
427,Vernen,Eldritt,veldrittbu@nbcnews.com,Male,133.78.191.32
428,Berkley,Arnley,barnleybv@163.com,Male,33.39.90.184
429,Amalle,Calwell,acalwellbw@dion.ne.jp,Agender,235.99.104.117
430,Wyatt,Saunder,wsaunderbx@clickbank.net,Male,100.36.10.133
431,Wilow,Rouchy,wrouchyby@free.fr,Female,61.17.140.237
432,Donelle,Sadd,dsaddbz@umn.edu,Female,125.187.229.218
433,Nealon,Jewell,njewellc0@linkedin.com,Male,66.178.86.11
434,Roxie,Carletti,rcarlettic1@google.pl,Female,68.60.153.223
435,Isabeau,Barnicott,ibarnicottc2@ebay.com,Female,106.191.212.98
436,Aimil,Shadbolt,ashadboltc3@example.com,Female,126.62.23.205
437,Ransom,Domenichini,rdomenichinic4@fema.gov,Genderfluid,63.33.189.17
438,Travers,Parkhouse,tparkhousec5@sakura.ne.jp,Male,170.24.177.57
439,Sheilakathryn,Duncombe,sduncombec6@disqus.com,Female,5.57.211.147
440,Maddy,Doelle,mdoellec7@uiuc.edu,Male,151.128.147.220
441,Alley,McGaughey,amcgaugheyc8@friendfeed.com,Male,48.104.189.58
442,Mathe,Walls,mwallsc9@mediafire.com,Male,239.218.162.104
443,Quintina,Kyneton,qkynetonca@upenn.edu,Genderqueer,218.169.206.161
444,Lee,Ross,lrosscb@seattletimes.com,Bigender,42.163.177.52
445,Winfield,Algy,walgycc@aboutads.info,Male,118.156.204.74
446,Gibby,Troak,gtroakcd@dailymotion.com,Male,128.204.18.102
447,Catie,Essery,cesseryce@canalblog.com,Female,238.180.96.201
448,Thibaud,Mayger,tmaygercf@zdnet.com,Male,97.174.154.60
449,Renae,Bellringer,rbellringercg@youtu.be,Female,124.36.114.28
450,Klement,Averies,kaveriesch@comcast.net,Male,6.148.147.170
451,Hayden,Ovitz,hovitzci@discovery.com,Male,245.86.106.55
452,Gustave,Bagenal,gbagenalcj@dell.com,Male,26.208.23.70
453,Katee,Ferrant,kferrantck@ucla.edu,Female,202.163.142.120
454,Kaleb,Mac,kmaccl@shareasale.com,Male,222.80.88.187
455,Bradly,Ariss,barisscm@symantec.com,Non-binary,128.150.67.43
456,Ignace,Braitling,ibraitlingcn@plala.or.jp,Male,43.215.218.136
457,Ollie,Bowell,obowellco@bloomberg.com,Female,255.92.97.40
458,Hershel,Vercruysse,hvercruyssecp@umn.edu,Male,46.176.226.235
459,Kenn,Pargent,kpargentcq@1und1.de,Male,73.173.34.235
460,Georgina,Dyball,gdyballcr@about.com,Female,62.244.51.203
461,Matilda,Lillicrop,mlillicropcs@squidoo.com,Female,208.249.123.184
462,Ellwood,Coulter,ecoulterct@ted.com,Male,6.121.179.188
463,Davy,Trounce,dtrouncecu@aboutads.info,Male,170.67.127.57
464,Alf,Titcumb,atitcumbcv@nasa.gov,Male,237.183.168.182
465,Merissa,Tabram,mtabramcw@java.com,Female,53.147.182.81
466,Hope,Shallow,hshallowcx@washington.edu,Female,160.22.52.240
467,Merry,Dooman,mdoomancy@hud.gov,Male,127.11.211.193
468,Vonny,Stellin,vstellincz@squidoo.com,Female,100.118.74.124
469,Dieter,Shreeve,dshreeved0@amazon.com,Male,232.8.83.0
470,Derril,Tremellier,dtremellierd1@github.io,Male,213.88.32.114
471,Perren,Keepin,pkeepind2@topsy.com,Male,92.73.81.79
472,Hakim,Cod,hcodd3@live.com,Male,210.122.164.21
473,Maurise,Frame,mframed4@godaddy.com,Female,178.18.216.29
474,Georgie,Orbine,gorbined5@lycos.com,Male,103.26.91.136
475,Karyl,Weale,kwealed6@reverbnation.com,Female,11.163.50.3
476,Tildy,Dacks,tdacksd7@yandex.ru,Female,150.125.254.90
477,Christoph,Maplestone,cmaplestoned8@ft.com,Male,60.192.170.150
478,Stacee,Corkish,scorkishd9@weather.com,Male,18.68.132.111
479,Carleton,Snelson,csnelsonda@trellian.com,Male,246.94.236.92
480,Virgina,Tollit,vtollitdb@amazon.com,Female,47.88.4.85
481,Jarred,Patton,jpattondc@friendfeed.com,Polygender,187.108.96.15
482,Natala,Giottini,ngiottinidd@zdnet.com,Female,103.174.139.72
483,Humbert,Tuffrey,htuffreyde@accuweather.com,Male,110.126.110.205
484,Heida,Asker,haskerdf@youtu.be,Female,36.208.14.226
485,Christian,Kauffman,ckauffmandg@nature.com,Male,34.71.198.208
486,Sandye,Coxon,scoxondh@123-reg.co.uk,Female,241.151.31.146
487,Lolita,Praundl,lpraundldi@hibu.com,Female,178.139.211.246
488,Karalynn,Averill,kaverilldj@smh.com.au,Female,139.64.2.239
489,Ripley,Perrycost,rperrycostdk@google.de,Non-binary,104.135.180.195
490,Emilio,Fratson,efratsondl@bbb.org,Male,120.226.238.230
491,Coleen,Auchterlony,cauchterlonydm@ted.com,Female,65.201.0.19
492,Jenelle,Hacquoil,jhacquoildn@privacy.gov.au,Female,36.139.161.131
493,Kory,Casswell,kcasswelldo@soundcloud.com,Male,180.187.94.136
494,Batholomew,Croucher,bcroucherdp@admin.ch,Male,130.178.136.107
495,Donnie,Paniman,dpanimandq@plala.or.jp,Female,117.135.135.253
496,Lilas,Hertwell,lhertwelldr@sourceforge.net,Female,29.19.57.61
497,Sax,Deighan,sdeighands@sohu.com,Male,210.230.36.149
498,Samuel,Pourvoieur,spourvoieurdt@un.org,Male,218.149.145.70
499,Garvin,Braybrooke,gbraybrookedu@kickstarter.com,Male,170.119.126.90
500,Thom,Schwaiger,tschwaigerdv@ifeng.com,Male,126.240.248.197
501,Myer,Blockwell,mblockwelldw@icio.us,Male,99.50.51.9
502,Wayland,Pennuzzi,wpennuzzidx@cyberchimps.com,Male,92.163.19.199
503,Kippy,Berridge,kberridgedy@shinystat.com,Male,73.213.106.163
504,Carlin,Pechacek,cpechacekdz@smugmug.com,Male,59.103.81.174
505,Arthur,Gowen,agowene0@aol.com,Male,155.99.249.57
506,Yanaton,Leek,yleeke1@hud.gov,Male,0.194.216.99
507,Verile,Linklater,vlinklatere2@zimbio.com,Female,162.61.239.94
508,Harwilll,Read,hreade3@bizjournals.com,Male,20.140.104.111
509,Amalita,Marquese,amarquesee4@hugedomains.com,Female,103.46.200.188
510,Winne,Beran,wberane5@elegantthemes.com,Female,184.212.119.184
511,Mikol,Aspell,maspelle6@wp.com,Male,179.46.127.222
512,Elita,Witterick,ewittericke7@baidu.com,Female,15.174.113.227
513,Eula,Urrey,eurreye8@yale.edu,Agender,195.71.197.210
514,Mariel,Schiementz,mschiementze9@epa.gov,Female,246.228.138.14
515,Aubrey,Oldford,aoldfordea@europa.eu,Male,246.98.198.207
516,Chiarra,Duchasteau,cduchasteaueb@google.com.br,Female,226.146.90.55
517,Mary,Briers,mbriersec@google.com.hk,Female,195.43.86.85
518,Saundra,Gallichan,sgallichaned@naver.com,Female,91.223.101.254
519,Rodrick,Wickie,rwickieee@intel.com,Male,176.215.26.149
520,Jerri,Munford,jmunfordef@opera.com,Male,194.26.73.194
521,Lewes,Coppo,lcoppoeg@paginegialle.it,Male,155.224.127.79
522,Elisabetta,Daid,edaideh@chicagotribune.com,Agender,254.210.75.226
523,Curran,Spriggs,cspriggsei@bbb.org,Male,214.89.121.55
524,Win,Rebanks,wrebanksej@guardian.co.uk,Male,57.249.55.69
525,Arte,Pethick,apethickek@addthis.com,Male,208.143.227.164
526,Laure,Kienl,lkienlel@howstuffworks.com,Female,56.132.136.149
527,Melissa,Fergyson,mfergysonem@fastcompany.com,Female,73.94.172.182
528,Evey,Dell Casa,edellcasaen@myspace.com,Female,23.236.73.232
529,Hasty,Wann,hwanneo@soup.io,Male,123.112.102.146
530,Rudiger,Chesterton,rchestertonep@zdnet.com,Male,197.68.46.41
531,Manolo,Santarelli,msantarellieq@mlb.com,Male,180.9.55.70
532,Lem,Bealton,lbealtoner@php.net,Male,220.255.163.187
533,Cristy,Lawrence,clawrencees@businessinsider.com,Female,145.143.253.122
534,Nigel,Puckham,npuckhamet@goo.ne.jp,Male,88.105.102.142
535,Richard,Henlon,rhenloneu@constantcontact.com,Non-binary,61.168.181.207
536,Kane,Ingon,kingonev@example.com,Male,73.4.240.126
537,Elora,Rohfsen,erohfsenew@wordpress.org,Female,74.97.185.173
538,Barnett,McCole,bmccoleex@cnn.com,Male,158.126.194.79
539,Lauryn,Gratland,lgratlandey@merriam-webster.com,Female,158.88.233.55
540,Corry,Dumberrill,cdumberrillez@answers.com,Female,189.156.74.64
541,Dagny,Cummine,dcumminef0@ebay.com,Male,180.23.133.114
542,Chicky,Frounks,cfrounksf1@rambler.ru,Male,106.119.140.242
543,Isacco,Yele,iyelef2@fastcompany.com,Male,190.206.75.87
544,Joshuah,Morville,jmorvillef3@typepad.com,Bigender,142.125.193.191
545,Chrotoem,Debow,cdebowf4@smh.com.au,Male,39.206.62.238
546,Gilly,Parrin,gparrinf5@engadget.com,Female,59.87.226.191
547,Andra,Westover,awestoverf6@icq.com,Female,21.238.17.40
548,Calla,Howton,chowtonf7@blog.com,Female,48.230.218.82
549,Kinnie,Henworth,khenworthf8@parallels.com,Male,192.92.84.210
550,Daffi,Jimenez,djimenezf9@google.de,Female,3.18.126.56
551,Werner,Charters,wchartersfa@chicagotribune.com,Male,222.136.219.214
552,Rip,Brownsett,rbrownsettfb@prlog.org,Male,45.109.18.251
553,Fonz,Sedman,fsedmanfc@edublogs.org,Male,89.180.62.51
554,Domingo,Anselmi,danselmifd@sphinn.com,Male,221.213.135.104
555,Gabi,Sealove,gsealovefe@yahoo.co.jp,Male,26.87.251.104
556,Horst,Stourton,hstourtonff@rambler.ru,Male,169.16.93.104
557,Jodee,Worswick,jworswickfg@vkontakte.ru,Female,100.118.193.136
558,Lewes,Gaggen,lgaggenfh@github.com,Male,182.227.153.233
559,Ernie,Bartholomew,ebartholomewfi@mediafire.com,Male,125.160.162.217
560,Willy,Alloisi,walloisifj@edublogs.org,Female,241.207.36.16
561,Ema,Shilburne,eshilburnefk@plala.or.jp,Female,66.18.14.254
562,Malvin,Merrison,mmerrisonfl@cpanel.net,Male,47.44.194.196
563,Ansel,Nevison,anevisonfm@plala.or.jp,Polygender,146.103.10.8
564,Ole,Linch,olinchfn@zimbio.com,Male,3.187.217.238
565,Yancey,Adney,yadneyfo@last.fm,Male,77.79.185.7
566,Thom,Humbles,thumblesfp@dedecms.com,Male,60.70.130.154
567,Susana,Waterhowse,swaterhowsefq@barnesandnoble.com,Female,5.205.220.212
568,Florella,Dignam,fdignamfr@prnewswire.com,Female,157.143.245.12
569,Thedric,Gallandre,tgallandrefs@businessinsider.com,Male,14.16.21.13
570,Freddi,Corn,fcornft@histats.com,Female,207.110.111.86
571,Shantee,Lesmonde,slesmondefu@1688.com,Female,32.231.148.214
572,Lynna,Asprey,laspreyfv@facebook.com,Female,64.245.111.38
573,Elvyn,Spurr,espurrfw@microsoft.com,Male,144.62.224.251
574,Kristofer,Prosek,kprosekfx@ebay.co.uk,Male,211.80.150.39
575,Andrew,Chesterton,achestertonfy@hugedomains.com,Male,147.180.241.25
576,Clarie,Hockey,chockeyfz@ask.com,Female,36.73.220.184
577,Paige,Romain,promaing0@friendfeed.com,Male,43.218.225.81
578,Clywd,Mateja,cmatejag1@discuz.net,Male,59.244.214.21
579,Row,Divina,rdivinag2@ftc.gov,Female,122.178.188.0
580,Kiele,Enbury,kenburyg3@boston.com,Female,119.81.233.81
581,Reine,Thams,rthamsg4@bloglovin.com,Female,2.41.165.0
582,Goldi,Breinl,gbreinlg5@prweb.com,Female,212.216.86.252
583,Carmelia,Doole,cdooleg6@parallels.com,Female,147.174.88.112
584,Ethel,Pietraszek,epietraszekg7@cnn.com,Female,16.233.198.163
585,Becka,Bunhill,bbunhillg8@mayoclinic.com,Female,53.126.220.126
586,Connor,Dinsmore,cdinsmoreg9@shinystat.com,Male,79.218.74.53
587,Porter,Tree,ptreega@paginegialle.it,Male,165.58.11.90
588,Raf,Enrique,renriquegb@domainmarket.com,Female,129.172.77.181
589,Leanora,Belsham,lbelshamgc@freewebs.com,Female,46.113.42.41
590,Osbert,Bellow,obellowgd@samsung.com,Male,131.115.130.157
591,Scarface,Ismail,sismailge@t.co,Male,14.11.206.250
592,Bess,Vigne,bvignegf@washingtonpost.com,Female,77.242.234.99
593,Rea,Symon,rsymongg@addthis.com,Female,75.26.226.138
594,Janis,Hurton,jhurtongh@utexas.edu,Female,238.241.214.59
595,Jordan,Mushet,jmushetgi@printfriendly.com,Female,20.197.179.223
596,Trescha,Chorley,tchorleygj@google.ca,Female,56.185.96.109
597,Abel,Fawltey,afawlteygk@epa.gov,Male,120.69.143.254
598,Pen,Sarra,psarragl@miibeian.gov.cn,Female,175.11.245.79
599,Rosette,Albon,ralbongm@weebly.com,Female,191.196.48.227
600,Vale,McKleod,vmckleodgn@i2i.jp,Male,182.67.70.90
601,Elfrida,Pawfoot,epawfootgo@zdnet.com,Agender,67.71.77.83
602,Alfie,Sleeford,asleefordgp@cnet.com,Polygender,127.239.53.161
603,Chad,Snedden,csneddengq@slashdot.org,Female,248.94.98.134
604,Tasha,Dacca,tdaccagr@clickbank.net,Female,192.197.135.148
605,Melina,Lofthouse,mlofthousegs@angelfire.com,Agender,98.82.155.253
606,Clarance,Portingale,cportingalegt@independent.co.uk,Male,205.169.185.180
607,Morley,Lafoy,mlafoygu@addtoany.com,Male,42.97.109.190
608,Ambrosius,Comazzo,acomazzogv@state.tx.us,Male,7.122.245.64
609,Jervis,O'Hern,joherngw@nymag.com,Male,242.249.62.99
610,Gay,McCallam,gmccallamgx@fda.gov,Female,102.248.224.191
611,Hagen,Partleton,hpartletongy@uiuc.edu,Male,1.248.66.149
612,Rolfe,Oehm,roehmgz@indiatimes.com,Male,18.230.232.116
613,Marya,Doull,mdoullh0@mysql.com,Female,132.236.25.41
614,Agnese,Jepperson,ajeppersonh1@hud.gov,Female,162.129.160.213
615,Marga,Leadbitter,mleadbitterh2@mit.edu,Female,62.235.2.127
616,Neal,O'Gavin,nogavinh3@usa.gov,Non-binary,154.24.79.13
617,Giffy,Hinsche,ghinscheh4@wikia.com,Non-binary,203.100.131.109
618,Aloise,Frear,afrearh5@google.co.uk,Female,243.11.58.71
619,Thelma,Gilliard,tgilliardh6@netscape.com,Female,197.64.170.198
620,Marty,Lindsay,mlindsayh7@seesaa.net,Female,213.222.52.145
621,Sheri,Capper,scapperh8@fda.gov,Female,230.240.100.193
622,Maible,Flucks,mflucksh9@tinypic.com,Female,164.202.155.101
623,Royce,Kelshaw,rkelshawha@about.me,Male,156.217.234.172
624,Thaxter,Wheeliker,twheelikerhb@howstuffworks.com,Male,198.166.136.188
625,North,Bagnold,nbagnoldhc@geocities.jp,Genderfluid,121.115.155.178
626,Horacio,Michael,hmichaelhd@dell.com,Male,165.56.35.238
627,Case,Hurren,churrenhe@shop-pro.jp,Male,231.67.3.33
628,Leoine,McClean,lmccleanhf@virginia.edu,Female,167.91.181.167
629,Homere,Trickey,htrickeyhg@prlog.org,Male,28.44.171.134
630,Chiquia,Spore,csporehh@flavors.me,Female,221.96.151.162
631,Bastien,McIlriach,bmcilriachhi@newyorker.com,Male,130.62.110.151
632,Rosa,Kyffin,rkyffinhj@slideshare.net,Polygender,83.99.193.50
633,Bond,Mollindinia,bmollindiniahk@sfgate.com,Male,250.164.247.222
634,Terri,Spaduzza,tspaduzzahl@desdev.cn,Female,129.212.74.15
635,Lindsay,Cready,lcreadyhm@example.com,Male,51.77.106.31
636,Ingrim,Kyme,ikymehn@privacy.gov.au,Male,22.127.2.125
637,Brody,Hessay,bhessayho@msn.com,Male,133.153.44.47
638,Ottilie,Le Merchant,olemerchanthp@digg.com,Female,189.80.177.39
639,Duke,Sleney,dsleneyhq@businessweek.com,Male,61.206.88.83
640,Isabeau,Pottery,ipotteryhr@globo.com,Female,146.57.56.163
641,Marylou,Gunson,mgunsonhs@sina.com.cn,Female,134.22.80.92
642,Jelene,Engley,jengleyht@vkontakte.ru,Female,44.19.101.92
643,Jule,Mougeot,jmougeothu@psu.edu,Non-binary,96.87.28.188
644,Matteo,Cadlock,mcadlockhv@so-net.ne.jp,Male,158.231.84.170
645,Moises,Hexam,mhexamhw@ox.ac.uk,Male,30.108.16.79
646,Wain,Borgnet,wborgnethx@fotki.com,Male,28.233.184.140
647,Felicdad,Genthner,fgenthnerhy@foxnews.com,Female,1.174.234.120
648,Antonin,Capaldi,acapaldihz@foxnews.com,Male,122.175.170.79
649,Haroun,Seson,hsesoni0@tamu.edu,Male,70.11.192.84
650,Drusi,Sherwell,dsherwelli1@hhs.gov,Female,147.70.18.1
651,Anastasia,Byllam,abyllami2@economist.com,Female,131.167.15.161
652,Marigold,Naughton,mnaughtoni3@51.la,Female,149.102.66.207
653,Rolfe,Procter,rprocteri4@home.pl,Male,254.158.19.247
654,Gusella,Norville,gnorvillei5@japanpost.jp,Female,131.125.72.188
655,Cristi,Osmon,cosmoni6@miitbeian.gov.cn,Agender,6.186.228.121
656,Valene,Wrotchford,vwrotchfordi7@ibm.com,Female,196.93.135.1
657,Enrico,Bygott,ebygotti8@state.tx.us,Genderfluid,215.212.74.213
658,Phillip,Spaunton,pspauntoni9@bigcartel.com,Male,178.222.177.218
659,Torr,De Cruce,tdecruceia@who.int,Male,17.110.194.33
660,Horacio,Loisi,hloisiib@bigcartel.com,Male,47.238.151.161
661,Orbadiah,McSwan,omcswanic@newyorker.com,Male,115.119.241.118
662,Pepi,Sellan,psellanid@noaa.gov,Female,141.218.40.40
663,Trevar,Hylden,thyldenie@archive.org,Male,61.110.91.154
664,Beltran,Pabelik,bpabelikif@liveinternet.ru,Male,3.30.56.172
665,Lark,McGowing,lmcgowingig@google.ca,Female,237.57.23.134
666,Vida,Lages,vlagesih@addthis.com,Female,205.250.203.90
667,Lorry,Farrier,lfarrierii@amazon.co.uk,Male,210.133.69.36
668,Bryon,Timmons,btimmonsij@rakuten.co.jp,Male,209.215.246.177
669,Corina,Fencott,cfencottik@networksolutions.com,Non-binary,137.217.85.143
670,Fernandina,Gergolet,fgergoletil@phpbb.com,Female,139.97.55.143
671,Dirk,McCrostie,dmccrostieim@xing.com,Male,43.195.140.196
672,Parnell,Basilio,pbasilioin@psu.edu,Male,235.20.228.13
673,Stephani,Gain,sgainio@github.com,Female,253.68.47.55
674,Langston,Gimber,lgimberip@ca.gov,Male,91.163.50.71
675,Karyl,Dhenin,kdheniniq@bbb.org,Polygender,57.81.57.34
676,Claude,Janaway,cjanawayir@time.com,Female,128.6.7.152
677,Stoddard,Pavlenko,spavlenkois@list-manage.com,Female,121.108.143.120
678,Kristyn,Glaserman,kglasermanit@ox.ac.uk,Female,97.122.201.0
679,Skell,Jiras,sjirasiu@pen.io,Male,231.162.246.109
680,Chaunce,Greensides,cgreensidesiv@usa.gov,Male,34.227.252.13
681,Leroi,McRae,lmcraeiw@chicagotribune.com,Male,185.245.81.34
682,Hobart,Catcherside,hcatchersideix@netlog.com,Male,236.64.79.225
683,Andrew,Yetts,ayettsiy@tripod.com,Male,6.228.240.79
684,Felic,Zotto,fzottoiz@cisco.com,Male,66.87.250.213
685,Larisa,Barnshaw,lbarnshawj0@pcworld.com,Female,239.229.78.82
686,Gail,Gellert,ggellertj1@imageshack.us,Female,84.59.203.3
687,Eugenia,Incogna,eincognaj2@geocities.com,Female,209.153.133.241
688,Nalani,Seally,nseallyj3@howstuffworks.com,Non-binary,214.132.35.218
689,Maryrose,Karpenya,mkarpenyaj4@privacy.gov.au,Female,4.245.101.248
690,Mohammed,Halvosen,mhalvosenj5@wikimedia.org,Polygender,47.116.246.131
691,Florette,Espinas,fespinasj6@imdb.com,Female,184.215.172.102
692,Hynda,Elsley,helsleyj7@ameblo.jp,Female,174.90.0.68
693,Flemming,Bartelli,fbartellij8@dailymail.co.uk,Male,53.230.226.41
694,Durward,Jaouen,djaouenj9@homestead.com,Male,26.75.107.157
695,Kalli,Sirl,ksirlja@thetimes.co.uk,Genderqueer,119.184.98.251
696,Tammara,Drane,tdranejb@etsy.com,Female,167.121.85.102
697,Catherina,Flintoffe,cflintoffejc@cisco.com,Female,221.117.108.51
698,Kitty,Yeowell,kyeowelljd@mapy.cz,Female,86.126.138.13
699,Devlin,Luetchford,dluetchfordje@1und1.de,Male,43.166.35.102
700,Dosi,Chritchlow,dchritchlowjf@sciencedirect.com,Female,33.173.58.36
701,Gary,Twell,gtwelljg@ezinearticles.com,Male,58.145.167.82
702,Tanner,Fried,tfriedjh@taobao.com,Male,251.32.3.205
703,Crawford,Sumption,csumptionji@apache.org,Male,49.120.56.47
704,Elga,Atherley,eatherleyjj@dailymail.co.uk,Polygender,119.232.74.232
705,Arlinda,Stockill,astockilljk@ustream.tv,Female,226.159.10.106
706,Collen,Swaisland,cswaislandjl@yolasite.com,Female,159.130.205.208
707,Eadith,Blodgetts,eblodgettsjm@homestead.com,Female,148.119.116.248
708,Thaxter,Keuning,tkeuningjn@harvard.edu,Male,114.107.181.71
709,Davy,Maxweell,dmaxweelljo@springer.com,Male,93.37.136.220
710,Otis,Druce,odrucejp@cbc.ca,Male,155.88.174.128
711,Drona,Abrams,dabramsjq@goo.ne.jp,Female,8.234.245.145
712,Stephana,Kynoch,skynochjr@princeton.edu,Female,217.65.107.186
713,Jewelle,Hansbury,jhansburyjs@sphinn.com,Female,159.59.140.73
714,Karrah,McNiven,kmcnivenjt@xrea.com,Female,8.168.32.67
715,Joane,Wilkenson,jwilkensonju@issuu.com,Female,131.112.6.169
716,Noelani,Spurgin,nspurginjv@woothemes.com,Female,174.142.157.101
717,Linnell,Eisold,leisoldjw@harvard.edu,Female,111.220.109.21
718,Rosalind,Guiu,rguiujx@cafepress.com,Female,172.72.53.134
719,Shae,Tregido,stregidojy@kickstarter.com,Female,164.49.204.142
720,Hamlin,Coll,hcolljz@wiley.com,Male,142.237.84.59
721,Moll,Joicey,mjoiceyk0@fda.gov,Female,232.98.182.139
722,Kinsley,Sach,ksachk1@networksolutions.com,Male,23.68.70.63
723,Antoni,McNeill,amcneillk2@hc360.com,Male,178.216.130.133
724,Catherina,Legan,clegank3@harvard.edu,Female,42.166.255.246
725,Hilton,Regnard,hregnardk4@uol.com.br,Male,124.190.16.161
726,Ambur,Trustie,atrustiek5@nba.com,Female,93.27.213.221
727,Scarface,Bearcroft,sbearcroftk6@nytimes.com,Male,70.119.44.226
728,Hannie,Gallehawk,hgallehawkk7@europa.eu,Female,215.37.104.176
729,Flo,Checcucci,fcheccuccik8@blogtalkradio.com,Female,148.252.110.90
730,Kathe,Tynemouth,ktynemouthk9@npr.org,Female,81.136.73.55
731,Dalton,Maker,dmakerka@state.tx.us,Male,46.150.219.186
732,Gussie,Boutellier,gboutellierkb@boston.com,Female,142.150.169.118
733,Maire,Twell,mtwellkc@ehow.com,Female,161.46.204.68
734,Adelind,Blaase,ablaasekd@sphinn.com,Female,50.12.83.188
735,Hermina,Asee,haseeke@google.com.br,Female,32.26.209.26
736,Gray,Heber,gheberkf@dropbox.com,Male,206.199.219.199
737,Eloisa,Absalom,eabsalomkg@ask.com,Female,39.53.74.80
738,Dale,Kellington,dkellingtonkh@engadget.com,Female,147.195.117.127
739,Sean,Condliffe,scondliffeki@1688.com,Female,53.167.29.57
740,Doralia,Yurasov,dyurasovkj@jigsy.com,Female,216.230.148.143
741,Karmen,MacMenamin,kmacmenaminkk@house.gov,Female,42.217.40.202
742,Isaac,Vondrach,ivondrachkl@twitter.com,Male,165.67.29.143
743,Floyd,Mation,fmationkm@hugedomains.com,Male,160.125.196.85
744,Merla,Setchfield,msetchfieldkn@go.com,Bigender,56.198.44.175
745,Mikaela,BURWIN,mburwinko@google.es,Agender,62.228.164.123
746,Winne,Cosins,wcosinskp@wikispaces.com,Female,41.26.220.247
747,Mozes,Gres,mgreskq@dion.ne.jp,Male,205.108.129.251
748,Gabi,MacNeil,gmacneilkr@npr.org,Male,38.83.126.190
749,Conrado,Gregorio,cgregorioks@deliciousdays.com,Male,92.27.98.16
750,Camila,Fenelon,cfenelonkt@delicious.com,Female,250.240.65.170
751,Terencio,Wellman,twellmanku@mediafire.com,Male,10.242.245.133
752,Curry,Towndrow,ctowndrowkv@tumblr.com,Male,127.166.159.15
753,Ikey,Benezeit,ibenezeitkw@weibo.com,Male,97.46.133.220
754,Kellina,Sautter,ksautterkx@earthlink.net,Genderfluid,227.21.115.133
755,Killie,Isac,kisacky@mit.edu,Male,223.124.130.216
756,Brantley,People,bpeoplekz@washington.edu,Male,100.182.107.6
757,Gabbey,Neville,gnevillel0@nasa.gov,Female,149.49.96.170
758,Stella,Chedgey,schedgeyl1@cnet.com,Polygender,244.4.60.16
759,Shari,Dodgson,sdodgsonl2@4shared.com,Bigender,134.206.148.7
760,Leilah,Maffeo,lmaffeol3@tinyurl.com,Female,8.166.245.140
761,Pet,Panyer,ppanyerl4@pbs.org,Female,225.176.44.100
762,Artemis,Patterfield,apatterfieldl5@utexas.edu,Male,136.197.115.66
763,Erna,Dye,edyel6@cnn.com,Female,18.218.224.40
764,Esra,Woodhead,ewoodheadl7@addthis.com,Male,233.64.120.84
765,Marlin,Klagges,mklaggesl8@google.it,Male,157.90.149.109
766,Glenn,Butchers,gbutchersl9@admin.ch,Female,64.176.198.3
767,Adrian,McCrillis,amccrillisla@squidoo.com,Polygender,34.166.228.138
768,Ellette,Hocking,ehockinglb@skype.com,Agender,52.84.8.120
769,Bernetta,Brydone,bbrydonelc@cisco.com,Polygender,58.173.242.219
770,Basia,Niesing,bniesingld@google.com.au,Female,173.39.96.248
771,Brenden,Plumbley,bplumbleyle@marriott.com,Male,63.114.155.157
772,Piggy,Wisedale,pwisedalelf@tumblr.com,Male,229.134.247.49
773,Hanson,Vecard,hvecardlg@gravatar.com,Male,111.124.8.171
774,Jamill,Ricson,jricsonlh@nature.com,Male,7.152.175.111
775,Marietta,Tee,mteeli@live.com,Female,118.45.4.113
776,Consuelo,Buzin,cbuzinlj@thetimes.co.uk,Female,250.77.42.251
777,Barbabas,Bohlje,bbohljelk@blogspot.com,Male,215.22.77.255
778,Brander,Jenkinson,bjenkinsonll@tuttocitta.it,Male,21.17.125.128
779,Boycey,Maxfield,bmaxfieldlm@tamu.edu,Male,22.236.24.116
780,Bentlee,Arnet,barnetln@google.ru,Male,8.51.248.9
781,Clio,Statter,cstatterlo@ca.gov,Agender,125.144.18.136
782,Garrot,Wolstencroft,gwolstencroftlp@ucla.edu,Male,60.146.159.153
783,Dwain,Franzotto,dfranzottolq@princeton.edu,Male,57.132.7.88
784,Esther,Rulten,erultenlr@icq.com,Female,41.1.10.232
785,Irena,Courtin,icourtinls@java.com,Female,176.223.21.124
786,Dermot,Vynehall,dvynehalllt@macromedia.com,Male,145.101.187.29
787,Danna,L'Archer,dlarcherlu@nationalgeographic.com,Bigender,96.194.18.12
788,Erhard,Benito,ebenitolv@google.it,Non-binary,35.102.144.0
789,Eleni,Gillman,egillmanlw@timesonline.co.uk,Female,80.220.169.153
790,Costa,Adaway,cadawaylx@ft.com,Male,127.237.207.140
791,Jeremy,Dod,jdodly@uiuc.edu,Male,141.158.83.206
792,Barny,Longdon,blongdonlz@multiply.com,Male,34.41.202.38
793,Ashlin,Niemiec,aniemiecm0@nbcnews.com,Male,226.221.204.164
794,Valentine,Roebottom,vroebottomm1@epa.gov,Male,155.68.20.97
795,Alden,Torald,atoraldm2@myspace.com,Male,45.38.12.187
796,Haily,Stannering,hstanneringm3@plala.or.jp,Female,2.15.43.221
797,Prudence,Kingdom,pkingdomm4@gravatar.com,Bigender,254.19.250.23
798,Riane,Caskey,rcaskeym5@about.me,Female,21.176.176.94
799,Austin,Teese,ateesem6@samsung.com,Male,225.166.171.77
800,Randa,Schaben,rschabenm7@vimeo.com,Female,6.11.164.153
801,Persis,Commucci,pcommuccim8@mapquest.com,Female,98.176.176.236
802,Roy,Denes,rdenesm9@yelp.com,Male,230.193.157.97
803,Fifine,Ashlee,fashleema@hugedomains.com,Female,51.44.119.238
804,Antonie,Woolstenholmes,awoolstenholmesmb@yolasite.com,Agender,229.242.187.89
805,Friedrick,Rhodus,frhodusmc@buzzfeed.com,Male,174.170.186.150
806,Kaila,Paolazzi,kpaolazzimd@bloglines.com,Female,90.138.160.116
807,Birdie,Allison,ballisonme@miibeian.gov.cn,Female,8.127.65.55
808,Vitoria,Stork,vstorkmf@desdev.cn,Non-binary,194.158.75.134
809,Crystal,Ricardin,cricardinmg@boston.com,Female,133.28.138.218
810,Tomlin,Giacomo,tgiacomomh@tinypic.com,Male,158.96.103.35
811,Paulette,Ingry,pingrymi@pagesperso-orange.fr,Female,237.185.116.101
812,Etheline,Woodwing,ewoodwingmj@gnu.org,Female,124.117.211.193
813,Sigvard,Mitchenson,smitchensonmk@addtoany.com,Male,235.227.73.112
814,Eirena,Antonutti,eantonuttiml@unc.edu,Female,36.120.16.24
815,Chilton,Darmody,cdarmodymm@gizmodo.com,Male,117.231.165.2
816,Heriberto,Roeby,hroebymn@exblog.jp,Male,103.9.135.215
817,Britt,Sinderland,bsinderlandmo@nih.gov,Female,163.216.67.226
818,Clare,Kilrow,ckilrowmp@nymag.com,Male,32.12.41.32
819,Keelia,Anthonies,kanthoniesmq@geocities.jp,Female,96.106.183.224
820,Jamie,How,jhowmr@cbsnews.com,Female,15.168.224.44
821,Pamella,Leglise,pleglisems@rakuten.co.jp,Genderqueer,70.159.133.99
822,Noe,Broggelli,nbroggellimt@vistaprint.com,Male,26.199.135.122
823,Cesya,Allenby,callenbymu@kickstarter.com,Female,214.162.158.242
824,Carlie,Neville,cnevillemv@clickbank.net,Genderqueer,196.113.139.58
825,Claudetta,Cheake,ccheakemw@pinterest.com,Female,89.21.24.125
826,Jarred,Swadden,jswaddenmx@over-blog.com,Male,236.154.64.135
827,Catlee,Cassy,ccassymy@arstechnica.com,Female,166.199.235.75
828,Harold,Polsin,hpolsinmz@alexa.com,Male,143.130.78.99
829,Natale,Lucey,nluceyn0@deliciousdays.com,Male,65.47.173.220
830,Blinni,Dagleas,bdagleasn1@freewebs.com,Female,198.65.118.202
831,Douglass,De la Barre,ddelabarren2@google.it,Male,203.153.234.253
832,Marcus,Hughlock,mhughlockn3@cisco.com,Male,77.197.55.81
833,Woody,Camelli,wcamellin4@ibm.com,Male,123.235.183.70
834,Padraig,Layzell,playzelln5@google.it,Male,38.232.231.144
835,Rozalie,Gentric,rgentricn6@devhub.com,Female,152.150.25.36
836,Raeann,Roskeilly,rroskeillyn7@house.gov,Female,36.86.41.236
837,Dennie,Khomin,dkhominn8@nbcnews.com,Male,45.233.86.243
838,Leonid,Sharply,lsharplyn9@webs.com,Male,230.162.109.92
839,Glenden,Skyrme,gskyrmena@odnoklassniki.ru,Male,152.3.241.155
840,Kelsi,Daverin,kdaverinnb@fastcompany.com,Female,221.30.71.225
841,Verena,Edgeon,vedgeonnc@scribd.com,Female,63.89.30.255
842,Emlyn,Brigdale,ebrigdalend@time.com,Polygender,14.66.255.180
843,Deny,Domenc,ddomencne@google.com.br,Female,176.111.244.72
844,Daron,Iskov,diskovnf@is.gd,Male,67.2.48.178
845,Jessamine,Scottesmoor,jscottesmoorng@delicious.com,Female,45.88.90.15
846,Jandy,Nias,jniasnh@wiley.com,Female,178.199.226.114
847,Kathe,Grzeszczyk,kgrzeszczykni@microsoft.com,Female,156.44.158.113
848,Linnet,Desseine,ldesseinenj@topsy.com,Female,3.53.205.214
849,Ferne,Clandillon,fclandillonnk@ovh.net,Female,231.101.59.102
850,Corey,Jilkes,cjilkesnl@twitter.com,Male,137.219.168.217
851,Filip,Rubega,frubeganm@creativecommons.org,Male,169.202.248.246
852,Barbabas,Schruyer,bschruyernn@newyorker.com,Male,127.169.156.30
853,Domenico,Hawgood,dhawgoodno@barnesandnoble.com,Male,112.2.125.39
854,Tricia,Duesberry,tduesberrynp@technorati.com,Female,163.33.189.241
855,Theodora,Keedwell,tkeedwellnq@altervista.org,Female,221.219.96.178
856,Mahalia,Arthy,marthynr@adobe.com,Female,144.123.68.87
857,Ashlie,Enser,aenserns@apache.org,Female,15.239.230.186
858,Dare,Maccrae,dmaccraent@a8.net,Polygender,194.106.126.183
859,Arney,Tchaikovsky,atchaikovskynu@dailymotion.com,Male,96.249.41.174
860,Granville,Linwood,glinwoodnv@godaddy.com,Male,192.74.94.168
861,Mirna,Colliar,mcolliarnw@is.gd,Female,103.85.5.25
862,Stillman,Caron,scaronnx@paypal.com,Male,110.152.18.65
863,Arte,Witty,awittyny@hc360.com,Male,9.33.199.161
864,Marissa,Hast,mhastnz@time.com,Female,54.254.145.32
865,Rolf,Ianetti,rianettio0@altervista.org,Male,122.177.203.92
866,Shoshanna,Pover,spovero1@mtv.com,Female,239.99.82.56
867,Farrell,Selbie,fselbieo2@prnewswire.com,Bigender,231.217.24.239
868,Evita,Hubback,ehubbacko3@drupal.org,Non-binary,99.105.153.18
869,Sandy,Lang,slango4@sciencedaily.com,Male,57.189.205.1
870,Sydel,Sheal,sshealo5@desdev.cn,Female,35.158.147.8
871,Joe,Garaghan,jgaraghano6@hao123.com,Male,149.65.137.48
872,Stearne,Cockle,scockleo7@about.com,Male,138.241.132.25
873,Loree,Buessen,lbuesseno8@e-recht24.de,Female,200.47.173.167
874,Joye,Hacquard,jhacquardo9@theatlantic.com,Female,168.24.19.19
875,Carol-jean,Ropars,croparsoa@harvard.edu,Female,171.164.69.105
876,Kirk,Wycliffe,kwycliffeob@google.com.hk,Male,231.43.174.151
877,Chilton,Dumbarton,cdumbartonoc@opera.com,Male,161.248.48.65
878,Dolf,McVeigh,dmcveighod@wisc.edu,Male,31.158.220.169
879,Onofredo,Gorthy,ogorthyoe@wired.com,Male,78.36.112.51
880,Hynda,Klambt,hklambtof@cmu.edu,Non-binary,93.69.207.82
881,Doro,Keston,dkestonog@flickr.com,Female,247.159.239.13
882,Conway,Connock,cconnockoh@elegantthemes.com,Male,148.201.132.66
883,Paddy,Ivakhno,pivakhnooi@zimbio.com,Male,145.43.55.235
884,Thaddeus,Belchamber,tbelchamberoj@marriott.com,Male,97.74.190.26
885,Tanitansy,Valasek,tvalasekok@guardian.co.uk,Polygender,87.194.46.252
886,Dannye,Toone,dtooneol@usatoday.com,Female,95.151.21.179
887,Rooney,Roseby,rrosebyom@amazon.com,Male,91.157.94.114
888,Ephraim,Gidney,egidneyon@bloomberg.com,Male,207.87.149.8
889,Letta,MacCahee,lmaccaheeoo@marriott.com,Female,214.30.252.29
890,Bale,Curtiss,bcurtissop@dion.ne.jp,Male,110.251.148.24
891,Carey,Symcoxe,csymcoxeoq@devhub.com,Female,242.40.171.130
892,Terrell,Kleint,tkleintor@guardian.co.uk,Male,47.230.190.59
893,Ethelin,Alphege,ealphegeos@wikia.com,Female,197.163.225.118
894,Duffy,Clow,dclowot@europa.eu,Male,65.105.57.41
895,Becki,Metts,bmettsou@studiopress.com,Polygender,244.17.230.201
896,Octavia,Readman,oreadmanov@simplemachines.org,Female,182.171.72.252
897,Olva,Scargle,oscargleow@wired.com,Female,230.93.126.77
898,Christoforo,Oscroft,coscroftox@ft.com,Male,131.82.117.64
899,Gail,Hawthorn,ghawthornoy@yandex.ru,Female,219.247.139.21
900,Moore,Foli,mfolioz@rambler.ru,Male,211.93.62.137
901,Clementine,Roelvink,croelvinkp0@sakura.ne.jp,Female,172.194.4.213
902,Yance,Wellan,ywellanp1@canalblog.com,Male,64.156.33.105
903,Ophelie,Boustred,oboustredp2@skyrock.com,Female,241.20.147.213
904,Hayden,Gregs,hgregsp3@dropbox.com,Male,79.19.174.112
905,Cahra,Pulbrook,cpulbrookp4@nifty.com,Female,94.112.41.7
906,Clarette,Willman,cwillmanp5@chicagotribune.com,Female,205.104.26.212
907,Briant,Jadczak,bjadczakp6@arstechnica.com,Male,93.122.196.251
908,Hallie,Hendrick,hhendrickp7@woothemes.com,Female,49.43.226.144
909,Babita,Garnham,bgarnhamp8@nyu.edu,Female,77.163.30.29
910,Isidora,McClifferty,imccliffertyp9@networkadvertising.org,Female,187.48.37.195
911,Abagail,Ponton,apontonpa@time.com,Female,180.19.109.53
912,Cleon,Hatchman,chatchmanpb@wix.com,Male,31.99.142.47
913,Trudey,Stearn,tstearnpc@wiley.com,Bigender,103.219.207.62
914,Madlen,Dericot,mdericotpd@hc360.com,Female,108.207.41.132
915,Sholom,Penniell,spenniellpe@cbslocal.com,Male,0.236.35.114
916,Esdras,Caesmans,ecaesmanspf@abc.net.au,Male,100.98.150.77
917,Dene,Francklin,dfrancklinpg@ox.ac.uk,Male,36.50.42.45
918,Kahaleel,Boulstridge,kboulstridgeph@google.cn,Male,191.35.144.16
919,Riva,Daber,rdaberpi@dot.gov,Female,131.174.97.75
920,Christin,Learmonth,clearmonthpj@independent.co.uk,Female,112.62.48.47
921,Flory,Line,flinepk@wufoo.com,Male,47.98.137.187
922,Rupert,Quinnelly,rquinnellypl@hubpages.com,Male,44.84.27.53
923,Fitz,Dallaway,fdallawaypm@zdnet.com,Male,189.162.224.22
924,Maddi,Coxall,mcoxallpn@github.com,Female,98.115.122.178
925,Halli,Stenson,hstensonpo@biglobe.ne.jp,Female,138.240.22.70
926,Valentijn,Withur,vwithurpp@360.cn,Male,70.214.250.215
927,Sheff,Mabone,smabonepq@howstuffworks.com,Male,70.53.13.135
928,Jamaal,Toxell,jtoxellpr@delicious.com,Male,87.7.164.188
929,Alonso,Magson,amagsonps@foxnews.com,Male,77.118.195.239
930,Trumaine,Danett,tdanettpt@loc.gov,Male,63.235.153.144
931,Tan,Szymanski,tszymanskipu@yellowpages.com,Male,104.219.131.240
932,Yard,Guyot,yguyotpv@theglobeandmail.com,Male,196.174.55.104
933,Shelley,Crewther,screwtherpw@globo.com,Male,184.44.12.33
934,Hinze,Bassil,hbassilpx@a8.net,Male,195.189.177.137
935,Gary,Manon,gmanonpy@wisc.edu,Agender,181.91.174.40
936,Richie,Alessandrucci,ralessandruccipz@newsvine.com,Male,43.92.55.143
937,Toni,Abelevitz,tabelevitzq0@bbb.org,Bigender,157.119.100.93
938,Ewell,Gaggen,egaggenq1@surveymonkey.com,Polygender,7.212.249.92
939,Sanders,Mc Comb,smccombq2@army.mil,Male,205.138.46.227
940,Marris,Myrick,mmyrickq3@jugem.jp,Female,25.221.7.150
941,Charmion,Hancell,chancellq4@goodreads.com,Female,44.148.45.94
942,Ashby,Yearsley,ayearsleyq5@hhs.gov,Male,205.147.199.68
943,Reade,Fallawe,rfallaweq6@comcast.net,Male,49.214.187.65
944,Harris,Matthews,hmatthewsq7@sitemeter.com,Male,177.136.116.129
945,Carlyn,Di Giacomettino,cdigiacomettinoq8@cocolog-nifty.com,Female,208.78.0.65
946,Addison,Pischoff,apischoffq9@shinystat.com,Genderqueer,24.238.195.30
947,Jasmine,Colbeck,jcolbeckqa@google.com.au,Female,84.222.104.137
948,Torrance,McGloughlin,tmcgloughlinqb@statcounter.com,Male,50.64.210.87
949,Correna,Pevreal,cpevrealqc@cbc.ca,Female,180.114.79.122
950,Casandra,Casswell,ccasswellqd@netvibes.com,Female,205.213.213.238
951,Rickey,Dalgarnowch,rdalgarnowchqe@techcrunch.com,Male,102.59.80.81
952,Colver,Andersen,candersenqf@berkeley.edu,Male,225.203.239.113
953,Travers,Corn,tcornqg@yandex.ru,Male,11.96.189.44
954,Clerissa,Mulchrone,cmulchroneqh@ed.gov,Female,54.104.161.66
955,Bidget,Pottes,bpottesqi@shinystat.com,Female,63.176.157.13
956,Aaren,Buttle,abuttleqj@bloomberg.com,Female,247.158.21.197
957,Georgina,Conn,gconnqk@wikispaces.com,Female,156.127.31.12
958,Raviv,Louedey,rlouedeyql@youtu.be,Male,216.235.0.101
959,Candide,Fitzpatrick,cfitzpatrickqm@mayoclinic.com,Female,226.22.187.44
960,Maison,Vasishchev,mvasishchevqn@dmoz.org,Male,151.251.20.56
961,Parrnell,Lackner,placknerqo@hud.gov,Male,162.114.70.92
962,Feliza,Yurinov,fyurinovqp@weebly.com,Female,176.226.25.233
963,Denys,Heild,dheildqq@jiathis.com,Female,79.53.4.77
964,Xavier,Kebell,xkebellqr@angelfire.com,Male,109.222.132.141
965,Bartolomeo,Rankmore,brankmoreqs@desdev.cn,Male,189.137.90.146
966,Steward,Meert,smeertqt@ehow.com,Male,141.134.128.181
967,Raeann,Kroin,rkroinqu@comsenz.com,Female,20.115.102.201
968,Rhiamon,Gilchrest,rgilchrestqv@techcrunch.com,Female,181.123.255.24
969,Sheena,Foulks,sfoulksqw@oaic.gov.au,Female,47.80.215.139
970,Etienne,Mateo,emateoqx@google.it,Male,51.74.28.87
971,Madlin,Foxley,mfoxleyqy@wunderground.com,Female,93.242.55.98
972,Paco,Kaubisch,pkaubischqz@sphinn.com,Male,84.46.88.64
973,Keen,Woofenden,kwoofendenr0@sourceforge.net,Male,142.194.172.246
974,Robbert,Yewdall,ryewdallr1@theatlantic.com,Male,150.193.131.30
975,Seward,Lawther,slawtherr2@time.com,Bigender,184.177.12.214
976,Newton,Ebbrell,nebbrellr3@tmall.com,Male,201.227.38.142
977,Eugenio,Londer,elonderr4@springer.com,Male,101.169.230.86
978,Misha,Harnetty,mharnettyr5@msn.com,Female,53.186.1.206
979,Latrena,Campanelli,lcampanellir6@ed.gov,Female,161.228.106.42
980,Keane,Wigfall,kwigfallr7@hhs.gov,Male,144.211.142.37
981,Con,Arington,caringtonr8@youtube.com,Male,209.252.236.39
982,Sebastien,Mainston,smainstonr9@elegantthemes.com,Male,53.237.57.104
983,Danita,MacKereth,dmackerethra@w3.org,Female,89.69.26.167
984,Agace,Scardifield,ascardifieldrb@abc.net.au,Female,81.195.38.148
985,Ailene,Tudor,atudorrc@altervista.org,Female,3.17.49.177
986,Dolorita,Schoolcroft,dschoolcroftrd@topsy.com,Female,117.54.43.244
987,Vania,Higford,vhigfordre@uol.com.br,Female,119.41.228.199
988,Lynette,Kubacki,lkubackirf@google.com.au,Female,79.69.237.60
989,Loretta,Headford,lheadfordrg@csmonitor.com,Genderfluid,201.2.43.250
990,Jeremiah,covino,jcovinorh@freewebs.com,Male,170.162.131.54
991,Laryssa,Belchem,lbelchemri@cam.ac.uk,Female,156.213.223.211
992,Ilyssa,Kennea,ikennearj@istockphoto.com,Female,54.164.162.1
993,Adrienne,Miguel,amiguelrk@bigcartel.com,Bigender,15.94.239.93
994,Allianora,Fairclough,afaircloughrl@g.co,Female,20.17.210.140
995,Brett,Gorring,bgorringrm@addthis.com,Male,76.63.21.166
996,Cullan,Hacksby,chacksbyrn@quantcast.com,Male,3.79.233.214
997,Rollie,Colthard,rcolthardro@howstuffworks.com,Male,204.192.152.237
998,Cathi,Mynett,cmynettrp@guardian.co.uk,Genderfluid,162.157.122.212
999,Sharlene,Pitkethly,spitkethlyrq@github.com,Female,211.136.181.111
1000,Leann,Alexandre,lalexandrerr@uiuc.edu,Female,69.201.51.147